{
  "source": "gen2_analysis.figures.diffuse.spectrum.unfold",
  "detectors": [
    [
      "Gen2-InIce",
      10.0
    ],
    [
      "Gen2-Radio",
      10.0
    ],
    [
      "IceCube",
      25.0
    ]
  ],
  "args": {
    "astro": 5.94,
    "gamma": -2.06,
    "gzk": "vanvliet",
    "gzk_norm": 0.1,
    "emax": 77624.7,
    "clean": true
  },
  "data": {
    "xlimits": [
      [
        1584.8931924611206,
        3162.2776601683954
      ],
      [
        3162.2776601683954,
        6309.573444801968
      ],
      [
        6309.573444801968,
        12589.254117941764
      ],
      [
        12589.254117941764,
        25118.864315095976
      ],
      [
        25118.864315095976,
        50118.72336272756
      ],
      [
        50118.72336272756,
        100000.00000000081
      ],
      [
        100000.00000000081,
        199526.23149688993
      ],
      [
        199526.23149688993,
        398107.170553501
      ],
      [
        398107.170553501,
        794328.2347242887
      ],
      [
        794328.2347242887,
        1584893.1924611304
      ],
      [
        1584893.1924611304,
        3162277.660168418
      ],
      [
        3162277.660168418,
        6309573.444802008
      ],
      [
        6309573.444802008,
        12589254.117941815
      ],
      [
        12589254.117941815,
        25118864.31509613
      ],
      [
        25118864.31509613,
        50118723.36272797
      ],
      [
        50118723.36272797,
        100000000.00000164
      ],
      [
        100000000.00000164,
        199526231.49689072
      ],
      [
        199526231.49689072,
        398107170.55350345
      ],
      [
        398107170.55350345,
        794328234.7242951
      ],
      [
        794328234.7242951,
        1584893192.4611368
      ],
      [
        1584893192.4611368,
        3162277660.1684313
      ],
      [
        3162277660.1684313,
        6309573444.802046
      ],
      [
        6309573444.802046,
        12589254117.94192
      ],
      [
        12589254117.94192,
        25118864315.096336
      ],
      [
        25118864315.096336,
        50118723362.72817
      ],
      [
        50118723362.72817,
        79432823472.42984
      ]
    ],
    "ylimits": [
      [
        5.426822661259174,
        9.525830081527376
      ],
      [
        5.846325234529767,
        7.942683566154761
      ],
      [
        5.513917966820661,
        6.9474159137201
      ],
      [
        4.873661056523268,
        5.7927324055587235
      ],
      [
        3.8041965007452583,
        4.344368805148861
      ],
      [
        2.3031411616048207,
        2.6105373142598984
      ],
      [
        0.8303937599418818,
        1.0219666507097238
      ],
      [
        0.09139661127373216,
        0.2055531208627004
      ],
      [
        0.0,
        0.09229463273393763
      ],
      [
        0.058299624558371926,
        0.1888323321226277
      ],
      [
        0.17680764337897237,
        0.3634410567286103
      ],
      [
        0.40256465399115055,
        0.59163832493598
      ],
      [
        0.5249445732969565,
        0.7571997762733417
      ],
      [
        0.5127573773629674,
        0.9117338721459283
      ],
      [
        0.3795450389628049,
        0.6878909929647332
      ],
      [
        0.19325321817751606,
        0.3879700946263852
      ],
      [
        0.06845365944481013,
        0.18207280132655634
      ],
      [
        0.01415739307392727,
        0.0867389186203173
      ],
      [
        0.013848839688835329,
        0.07746243892358641
      ],
      [
        0.014977109828179992,
        0.07403236091826601
      ],
      [
        0.012356901000098248,
        0.0691173925405886
      ],
      [
        0.0,
        0.05490506239477674
      ],
      [
        0.0,
        0.034443735563773566
      ],
      [
        0.0,
        0.023741880733133217
      ],
      [
        0.0,
        Infinity
      ],
      [
        0.0,
        Infinity
      ]
    ],
    "ycenters": [
      7.24992355528949,
      6.760741999049669,
      6.127240366819704,
      5.247769633943036,
      4.01184059398882,
      2.4213722273956226,
      0.9202632144810465,
      0.15393113477681208,
      0.04531888580672024,
      0.12437253239119345,
      0.26315556223847053,
      0.4727364744116263,
      0.6279710783365462,
      0.6731584031021521,
      0.5008429380127735,
      0.2748490214080228,
      0.1152903738017855,
      0.045303657836567264,
      0.036930239170227544,
      0.03993895954181331,
      0.032951736000261994,
      0.021237181695925728,
      0.010015727734574507,
      0.0030325166359895742,
      1.5439770048029693e-19,
      1.5075843222720097e-33
    ]
  }
}