{
  "source": "gen2_analysis.figures.diffuse.spectrum.unfold",
  "detectors": [
    [
      "Gen2-InIce",
      10.0
    ],
    [
      "Gen2-Radio",
      10.0
    ],
    [
      "IceCube",
      25.0
    ]
  ],
  "args": {
    "astro": 1.66,
    "gamma": -2.53,
    "gzk": "vanvliet",
    "gzk_norm": 0.1,
    "emax": 1000000000.0,
    "clean": true
  },
  "data": {
    "xlimits": [
      [
        1584.8931924611206,
        3162.2776601683954
      ],
      [
        3162.2776601683954,
        6309.573444801968
      ],
      [
        6309.573444801968,
        12589.254117941764
      ],
      [
        12589.254117941764,
        25118.864315095976
      ],
      [
        25118.864315095976,
        50118.72336272756
      ],
      [
        50118.72336272756,
        100000.00000000081
      ],
      [
        100000.00000000081,
        199526.23149688993
      ],
      [
        199526.23149688993,
        398107.170553501
      ],
      [
        398107.170553501,
        794328.2347242887
      ],
      [
        794328.2347242887,
        1584893.1924611304
      ],
      [
        1584893.1924611304,
        3162277.660168418
      ],
      [
        3162277.660168418,
        6309573.444802008
      ],
      [
        6309573.444802008,
        12589254.117941815
      ],
      [
        12589254.117941815,
        25118864.31509613
      ],
      [
        25118864.31509613,
        50118723.36272797
      ],
      [
        50118723.36272797,
        100000000.00000164
      ],
      [
        100000000.00000164,
        199526231.49689072
      ],
      [
        199526231.49689072,
        398107170.55350345
      ],
      [
        398107170.55350345,
        794328234.7242951
      ],
      [
        794328234.7242951,
        1584893192.4611368
      ],
      [
        1584893192.4611368,
        3162277660.1684313
      ],
      [
        3162277660.1684313,
        6309573444.802046
      ],
      [
        6309573444.802046,
        12589254117.94192
      ],
      [
        12589254117.94192,
        25118864315.096336
      ],
      [
        25118864315.096336,
        50118723362.72817
      ],
      [
        50118723362.72817,
        79432823472.42984
      ]
    ],
    "ylimits": [
      [
        10.202633887575146,
        14.560141189070073
      ],
      [
        7.523002116181003,
        9.693718403926436
      ],
      [
        5.245750638243387,
        6.687590297798347
      ],
      [
        3.704073343731356,
        4.575801166483844
      ],
      [
        2.6183841457176755,
        3.1229165183328993
      ],
      [
        1.839608510677742,
        2.139265769586432
      ],
      [
        1.2634444862175431,
        1.4922927929780578
      ],
      [
        0.8546649453081039,
        1.0610235805871684
      ],
      [
        0.5716153676526011,
        0.7580299134118333
      ],
      [
        0.36919076193353795,
        0.5532155829963024
      ],
      [
        0.23338065931461752,
        0.41952559301454734
      ],
      [
        0.15520258262531084,
        0.28466268827568136
      ],
      [
        0.10063957919884169,
        0.22348594798559743
      ],
      [
        0.02973181809150083,
        0.20562249237174354
      ],
      [
        0.0,
        0.14851169393458868
      ],
      [
        0.0,
        0.10576336924021351
      ],
      [
        0.0,
        0.08542355944066657
      ],
      [
        0.01293243454680893,
        0.0792338943943065
      ],
      [
        0.014208990793895305,
        0.08151020871240217
      ],
      [
        0.019549937372689122,
        0.08010619567149166
      ],
      [
        0.012980633256394161,
        0.07260619181140003
      ],
      [
        0.0,
        0.050969010068103324
      ],
      [
        0.0,
        0.03485263106126064
      ],
      [
        0.0,
        0.02371257739407489
      ],
      [
        0.0,
        Infinity
      ],
      [
        0.0,
        Infinity
      ]
    ],
    "ycenters": [
      12.43379601413502,
      8.621772990452541,
      5.978462608304094,
      4.145323610908097,
      2.873767808376098,
      1.9912887050042365,
      1.379282680049855,
      0.9554333013051292,
      0.6621426883215652,
      0.45880017016983354,
      0.31779494034330896,
      0.22073256195599764,
      0.1533555492553778,
      0.10571313099200295,
      0.07292281575881263,
      0.051932359565788296,
      0.04194502346257923,
      0.04138379054978857,
      0.04546877054046498,
      0.04468557113757514,
      0.0346150220170511,
      0.0217683191949274,
      0.010134628484092259,
      0.003028773762196918,
      7.182767231430522e-19,
      5.382848976425338e-31
    ]
  }
}